Element Symbol,Element Name,Discovery Year,Atomic Number,Atomic Mass,Electron Configuration,Common Isotopes,State at 25°C,Melting Point (°C),Melting Point (°F),Melting Point (K),Boiling Point (°C),Density (g/cm³),Color/Appearance,Conductivity,Hardness/Malleability,Reactivity,Electronegativity,"Ionization Energy (e.g., eV)",Valency,Oxidation States,Atomic Radius (pm),Electronegativity Value,Ionization Energy Value,Metallic Character,Radioactivity,Nuclear Stability,Half-Life,Magnetism Type,Magnetic Susceptibility,Emission/Absorption Spectra,Spectral Lines,Biological Role,Environmental Behavior,Allotropes
H,Hydrogen,1766,1,1.008,1s¹,H-1;H-2,Gas,-259.14,-434.452,14.01,-252.87,8.99E-05,Colorless gas,Low,Unknown,High,2.2,13.598,1,+1;-1,53,2.2,13.598,Nonmetal,Low (H-3),Stable (H-1;H-2),H-3: 12.32 years,Diamagnetic,-2.23×10⁻⁹ cm³/mol,Lyman/Balmer series,121.6 nm (Lyman-alpha),"Essential (water, organic compounds)",Highly mobile gas; forms water,Diatomic (H₂)
He,Helium,1895,2,4.0026,1s²,He-4;He-3,Gas,-272.2,-458,0.95,-268.93,0.0001785,Colorless gas,None (insulator),Unknown,Very low,Unknown,24.587,0,0,31,Unknown,24.587,Noble gas,Unknown,Stable,Unknown,Diamagnetic,-1.95×10⁻⁹ cm³/mol,Sharp lines in UV/visible,58.4 nm (strong),Unknown,Inert; escapes atmosphere,Monatomic
Li,Lithium,1817,3,6.94,[He] 2s¹,Li-7;Li-6,Solid,180.54,356.972,453.69,1342,0.534,Silvery-white,High (metal),Soft (knife-cut),High,0.98,5.392,1,1,152,0.98,5.392,Alkali metal,Low (Li-6 trace),Stable,Unknown,Paramagnetic,1.4×10⁻⁵ cm³/mol,Red flame (670.8 nm),670.8 nm (Li I),"Nerve function, batteries",Soluble salts; bioaccumulates,Unknown
Be,Beryllium,1798,4,9.012,[He] 2s²,Be-9,Solid,1287,2348.6,1560.15,2469,1.848,Steel-gray,High,Very hard/brittle,Moderate,1.57,9.323,2,2,112,1.57,9.323,Alkaline earth,Unknown,Stable,Unknown,Diamagnetic,-1.2×10⁻⁵ cm³/mol,Green flame lines,457.3 nm,Bone structure (trace),Low solubility; toxic dust,Unknown
B,Boron,1808,5,10.81,[He] 2s²2p¹,B-11;B-10,Solid,2076,3768.8,2349.15,3927,2.34 (crystalline),Black (cryst.); brown (amorph.),Low (semiconductor),Extremely hard,Moderate,2.04,8.298,3,3,85,2.04,8.298,Metalloid,Unknown,Stable,Unknown,Diamagnetic,-8.7×10⁻⁶ cm³/mol,Green flame (546 nm),249.8 nm (strong),Plant nutrient (boric acid),Insoluble; leaches slowly,"Amorphous, α-rhombohedral, β-rhombohedral"
C,Carbon,Ancient,6,12.011,[He] 2s²2p²,C-12;C-13,Solid,3550,6422,3823,3825 (subl.),2.26 (graphite); 3.51 (diamond),Black (graphite); clear (diamond),High (graphite); low (diamond),Hard (diamond); soft (graphite),Low,2.55,11.26,4,+4;+2;-4,77,2.55,11.26,Nonmetal,Unknown,Stable,Unknown,Diamagnetic,-6.0×10⁻⁶ (graphite),Swan bands (diatomic),247.8 nm (C I),Essential (all life),CO₂ cycle; persistent (diamond),"Graphite, diamond, graphene, fullerenes"
N,Nitrogen,1772,7,14.007,[He] 2s²2p³,N-14;N-15,Gas,-210,-346,63.15,-195.79,0.0012506,Colorless gas,Low,Unknown,Moderate,3.04,14.534,"3,5",+5;+3;-3,70,3.04,14.534,Nonmetal,Unknown,Stable,Unknown,Diamagnetic,-1.2×10⁻⁸ cm³/mol,Violet bands (N₂⁺),337.1 nm,"Essential (proteins, DNA)",N₂ inert; NOₓ reactive,Diatomic (N₂)
O,Oxygen,1774,8,15.999,[He] 2s²2p⁴,O-16;O-18,Gas,-218.79,-361.822,54.36,-182.95,0.001429,Colorless gas,Low,Unknown,High,3.44,13.618,2,-2;-1,66,3.44,13.618,Nonmetal,Unknown,Stable,Unknown,Paramagnetic,+3.45×10⁻⁶ cm³/mol,Red/green aurora lines,777.2 nm (O I),Essential (respiration),O₂ reactive; ozone layer,"Diatomic (O₂), ozone (O₃)"
F,Fluorine,1886,9,18.998,[He] 2s²2p⁵,F-19,Gas,-219.67,-363.406,53.48,-188.11,0.001696,Pale yellow gas,Low,Unknown,Extremely high,3.98,17.423,1,-1,64,3.98,17.423,Halogen,Unknown,Stable,Unknown,Diamagnetic,-1.7×10⁻⁸ cm³/mol,Yellow-green glow,95.6 nm (F I),Tooth enamel (F⁻),Persistent (CFCs); HF toxic,Diatomic (F₂)
Ne,Neon,1898,10,20.18,[He] 2s²2p⁶,Ne-20;Ne-22,Gas,-248.59,-415.462,24.56,-246.08,0.0008999,Colorless gas,Unknown,Unknown,Very low,Unknown,21.565,0,0,38,Unknown,21.565,Noble gas,Unknown,Stable,Unknown,Diamagnetic,-7.6×10⁻⁹ cm³/mol,Red-orange glow discharge,640.2 nm (strong),Unknown,Inert,Monatomic
Na,Sodium,1807,11,22.99,[Ne] 3s¹,Na-23,Solid,97.8,208.04,370.95,883,0.968,Silvery-white,High,Soft (knife-cut),High,0.93,5.139,1,1,186,0.93,5.139,Alkali metal,Unknown,Stable,Unknown,Paramagnetic,+1.6×10⁻⁵ cm³/mol,Yellow flame (589 nm),589.0/589.6 nm (D lines),"Nerve impulses, fluids",Highly soluble; bioessential,Unknown
Mg,Magnesium,1755,12,24.305,[Ne] 3s²,Mg-24;Mg-25,Solid,650,1202,923.15,1090,1.738,Silvery-white,High,Malleable/ductile,Moderate,1.31,7.646,2,2,160,1.31,7.646,Alkaline earth,Unknown,Stable,Unknown,Paramagnetic,+1.2×10⁻⁵ cm³/mol,Green flame lines,518.4 nm,"Bones, chlorophyll",Soluble salts; hard water,Unknown
Al,Aluminum,1825,13,26.982,[Ne] 3s²3p¹,Al-27,Solid,660.32,1220.576,933.47,2519,2.7,Silvery-white,High,Ductile/malleable,Moderate,1.61,5.986,3,3,143,1.61,5.986,Post-transition metal,Unknown,Stable,Unknown,Paramagnetic,+1.65×10⁻⁵ cm³/mol,Blue-white arc lines,396.1 nm,None (toxic in excess),Bauxite ore; recyclable,Unknown
Si,Silicon,1823,14,28.085,[Ne] 3s²3p²,Si-28;Si-29,Solid,1414,2577.2,1687.15,3265,2.329,Gray metallic luster,Moderate (semiconductor),Hard/brittle,Low,1.9,8.152,4,+4;-4,117,1.9,8.152,Metalloid,Unknown,Stable,Unknown,Diamagnetic,-3.6×10⁻⁶ cm³/mol,Violet flame lines,251.6 nm,Plant structure (silica),Insoluble; sand/quartz,"Amorphous, crystalline (diamond cubic)"
P,Phosphorus,1669,15,30.974,[Ne] 3s²3p³,P-31,Solid,44.15,111.5,317.3,280.5 (white),1.823 (white); 2.34 (red),White (waxy); red (powder),Low,Brittle,High (white),2.19,10.487,"3,5",+5;+3;-3,110,2.19,10.487,Nonmetal,Unknown,Stable,Unknown,Diamagnetic,-1.1×10⁻⁵ cm³/mol,Green glow (chemilum.),253.6 nm,"Bones, DNA, ATP",Phosphates cycle; eutrophication,"White, red, black, violet"
S,Sulfur,Ancient,16,32.06,[Ne] 3s²3p⁴,S-32;S-34,Solid,115.21,239.38,388.36,444.61,2.07 (rhombic),Yellow crystals,Low,Brittle,Moderate,2.58,10.36,"2,4,6",+6;+4;-2,104,2.58,10.36,Nonmetal,Unknown,Stable,Unknown,Diamagnetic,-6.2×10⁻⁶ cm³/mol,Blue flame (SO₂),265.0 nm,Proteins (cysteine),Acid rain (SO₂); volcanic,"Rhombic, monoclinic, plastic, cyclo-S₈"
Cl,Chlorine,1774,17,35.45,[Ne] 3s²3p⁵,Cl-35;Cl-37,Gas,-101.5,-150.7,171.65,-34.04,0.003214,Yellow-green gas,Low,Unknown,High,3.16,12.968,1,-1;+1;+5;+7,99,3.16,12.968,Halogen,Unknown,Stable,Unknown,Diamagnetic,-4.0×10⁻⁸ cm³/mol,Greenish-yellow,134.2 nm,Disinfectant; HCl,Volatile; forms HCl,Diatomic (Cl₂)
Ar,Argon,1894,18,39.948,[Ne] 3s²3p⁶,Ar-40;Ar-36,Gas,-189.35,-308.83,83.8,-185.85,0.001784,Colorless gas,Unknown,Unknown,Very low,Unknown,15.76,0,0,71,Unknown,15.76,Noble gas,Low (Ar-39),Stable (Ar-40),Ar-39: 269 years,Diamagnetic,-1.94×10⁻⁸ cm³/mol,Violet glow discharge,811.5 nm,Unknown,Inert,Monatomic
K,Potassium,1807,19,39.098,[Ar] 4s¹,K-39;K-40,Solid,63.38,146.084,336.53,759,0.862,Silvery-white,High,Soft,High,0.82,4.341,1,1,231,0.82,4.341,Alkali metal,Low (K-40),K-40: 1.25×10⁹ years,Unknown,Paramagnetic,+2.1×10⁻⁵ cm³/mol,Violet flame (404 nm),766.5/769.9 nm,Nerve/muscle function,Highly soluble,Unknown
Ca,Calcium,Ancient,20,40.078,[Ar] 4s²,Ca-40;Ca-44,Solid,842,1547.6,1115.15,1484,1.55,Silvery-white,High,Malleable,Moderate,1,6.113,2,2,197,1,6.113,Alkaline earth,Unknown,Stable,Unknown,Paramagnetic,+1.8×10⁻⁵ cm³/mol,Orange-red flame,422.7 nm,"Bones, signaling",Carbonates; hard water,Unknown
Sc,Scandium,1879,21,44.956,[Ar] 3d¹4s²,Sc-45,Solid,1541,2805.8,1814.15,2836,2.985,Silvery-white,High,Ductile,Moderate,1.36,6.561,3,3,162,1.36,6.561,Transition metal,Unknown,Stable,Unknown,Paramagnetic,+2.8×10⁻⁵ cm³/mol,Blue-white lines,390.8 nm,Unknown,Low solubility,Unknown
Ti,Titanium,1791,22,47.867,[Ar] 3d²4s²,Ti-48;Ti-47,Solid,1668,3034.4,1941.15,3287,4.506,Silvery-gray,High,Ductile/hard,Low,1.54,6.828,4,+4;+3;+2,147,1.54,6.828,Transition metal,Unknown,Stable,Unknown,Paramagnetic,+1.8×10⁻⁴ cm³/mol,Violet lines,399.0 nm,"Aerospace, implants",Corrosion-resistant,"α (hcp), β (bcc)"
V,Vanadium,1801,23,50.942,[Ar] 3d³4s²,V-51;V-50,Solid,1910,3470,2183.15,3407,6.11,Silvery-gray,High,Ductile,Moderate,1.63,6.746,5,+5;+4;+3;+2,134,1.63,6.746,Transition metal,Low (V-50),Stable,Unknown,Paramagnetic,+2.6×10⁻⁴ cm³/mol,Green/blue lines,411.2 nm,"Catalyst, steel alloy",Low solubility,Unknown
Cr,Chromium,1797,24,51.996,[Ar] 3d⁵4s¹,Cr-52;Cr-53,Solid,1907,3464.6,2180.15,2671,7.15,Silvery-blue,High,Hard/brittle,Low,1.66,6.767,"3,6",+3;+6;+2,128,1.66,6.767,Transition metal,Unknown,Stable,Unknown,Antiferromagnetic,+3.2×10⁻⁴ cm³/mol,Red flame (CrO),425.4 nm,"Stainless steel, plating",Hexavalent toxic,Unknown
Mn,Manganese,1774,25,54.938,[Ar] 3d⁵4s²,Mn-55,Solid,1246,2274.8,1519.15,2061,7.21,Silvery-gray,Moderate,Brittle,Moderate,1.55,7.434,"2,3,4,7",+2;+4;+7,127,1.55,7.434,Transition metal,Low (Mn-53),Stable,Unknown,Paramagnetic,+1.7×10⁻³ cm³/mol,Pink (MnO₄⁻),403.1 nm,"Enzymes, steel",Leaches in acid,"α, β, γ, δ"
Fe,Iron,Ancient,26,55.845,[Ar] 3d⁶4s²,Fe-56;Fe-54,Solid,1538,2800.4,1811.15,2862,7.874,Silvery-gray,High,Malleable/ductile,Low,1.83,7.902,"2,3",+2;+3,126,1.83,7.902,Transition metal,Low (Fe-60),Stable,Unknown,Ferromagnetic,+2.2×10⁻³ cm³/mol,Red lines,372.0 nm,"Hemoglobin, steel",Ubiquitous,"α (bcc), γ (fcc), δ"
Co,Cobalt,1735,27,58.933,[Ar] 3d⁷4s²,Co-59,Solid,1495,2723,1768.15,2927,8.86,Silvery-blue,High,Hard,Low,1.88,7.881,"2,3",+2;+3,125,1.88,7.881,Transition metal,Low (Co-60),Stable,Co-60: 5.27 years,Ferromagnetic,+1.7×10⁻³ cm³/mol,Blue glass,345.4 nm,"Vitamin B12, magnets",Low solubility,"α (hcp), β (fcc)"
Ni,Nickel,1751,28,58.693,[Ar] 3d⁸4s²,Ni-58;Ni-60,Solid,1455,2651,1728.15,2913,8.908,Silvery-white,High,Malleable,Low,1.91,7.64,2,+2;+3,124,1.91,7.64,Transition metal,Low (Ni-59),Stable,Unknown,Ferromagnetic,+6.0×10⁻⁴ cm³/mol,Green flame,341.5 nm,"Alloys, batteries",Nickel carbonyl toxic,Unknown
Cu,Copper,Ancient,29,63.546,[Ar] 3d¹⁰4s¹,Cu-63;Cu-65,Solid,1084.62,1984.316,1357.77,2562,8.96,Reddish-orange,Very high,Malleable/ductile,Low,1.9,7.726,"1,2",+2;+1,128,1.9,7.726,Transition metal,Low (Cu-64),Stable,Unknown,Diamagnetic,-9.6×10⁻⁶ cm³/mol,Green flame (Cu²⁺),324.8 nm,"Electrical wiring, enzymes",Patina (Cu₂O),Unknown
Zn,Zinc,Ancient,30,65.38,[Ar] 3d¹⁰4s²,Zn-64;Zn-66,Solid,419.53,787.154,692.68,907,7.134,Bluish-white,High,Brittle (cold); malleable (hot),Moderate,1.65,9.394,2,2,134,1.65,9.394,Post-transition metal,Unknown,Stable,Unknown,Diamagnetic,-1.5×10⁻⁵ cm³/mol,Blue flame,213.9 nm,"Galvanizing, enzymes",Leaches in acid,Unknown
Ga,Gallium,1875,31,69.723,[Ar] 3d¹⁰4s²4p¹,Ga-69;Ga-71,Solid,29.76,85.568,302.91,2229,5.904,Silvery-blue,High (liquid),Soft,Moderate,1.81,5.999,3,3,135,1.81,5.999,Post-transition metal,Unknown,Stable,Unknown,Diamagnetic,-2.2×10⁻⁵ cm³/mol,Green lines,417.2 nm,Semiconductors,Melts in hand,"α, β, γ, δ"
Ge,Germanium,1886,32,72.63,[Ar] 3d¹⁰4s²4p²,Ge-74;Ge-72,Solid,938.25,1720.85,1211.4,2833,5.323,Gray-white,Moderate (semiconductor),Brittle,Moderate,2.01,7.9,4,+4;+2,122,2.01,7.9,Metalloid,Unknown,Stable,Unknown,Diamagnetic,-1.1×10⁻⁵ cm³/mol,Blue-white,265.2 nm,Semiconductors,Low solubility,Unknown
As,Arsenic,Ancient,33,74.922,[Ar] 3d¹⁰4s²4p³,As-75,Solid,616,1141,889,614 (subl.),5.727 (gray),Gray metallic,Low,Brittle,High,2.18,9.789,"3,5",+3;+5;-3,119,2.18,9.789,Metalloid,Unknown,Stable,Unknown,Diamagnetic,-2.3×10⁻⁵ cm³/mol,Green flame,228.8 nm,Toxic (As³⁺),Persistent toxin,"Gray, yellow, black"
Se,Selenium,1817,34,78.971,[Ar] 3d¹⁰4s²4p⁴,Se-80;Se-78,Solid,221,429.8,494.15,685,4.81 (gray),Gray metallic; red (amorph.),Low (gray),Brittle,Moderate,2.55,9.752,"2,4,6",+6;+4;-2,120,2.55,9.752,Nonmetal,Unknown,Stable,Unknown,Diamagnetic,-3.6×10⁻⁵ cm³/mol,Red fluorescence,379.2 nm,Antioxidant (trace),Leaches as selenate,"Gray, red, black"
Br,Bromine,1826,35,79.904,[Ar] 3d¹⁰4s²4p⁵,Br-79;Br-81,Liquid,-7.2,19.04,265.95,59,3.122,Red-brown liquid,Low,Unknown,High,2.96,11.814,1,-1;+1;+5;+7,114,2.96,11.814,Halogen,Unknown,Stable,Unknown,Diamagnetic,-5.6×10⁻⁸ cm³/mol,Red vapor,700–400 nm (broad),Flame retardants,Volatile; bioaccumulates,Diatomic (Br₂)
Kr,Krypton,1898,36,83.798,[Ar] 3d¹⁰4s²4p⁶,Kr-84;Kr-86,Gas,-157.36,-251.248,115.79,-153.22,0.003733,Colorless gas,Unknown,Unknown,Very low,Unknown,14,0,0,88,Unknown,14,Noble gas,Low (Kr-85),Stable,Kr-85: 10.76 years,Diamagnetic,-2.8×10⁻⁸ cm³/mol,Green-white discharge,557.0 nm,Unknown,Inert,Monatomic
Rb,Rubidium,1861,37,85.468,[Kr] 5s¹,Rb-85;Rb-87,Solid,39.3,102.74,312.45,688,1.532,Silvery-white,High,Soft,High,0.82,4.177,1,1,244,0.82,4.177,Alkali metal,Low (Rb-87),Rb-87: 4.88×10¹⁰ years,Unknown,Paramagnetic,+3.0×10⁻⁵ cm³/mol,Violet flame,780.0 nm,Atomic clocks,Highly soluble,Unknown
Sr,Strontium,1790,38,87.62,[Kr] 5s²,Sr-88;Sr-86,Solid,777,1430.6,1050.15,1377,2.63,Silvery-white,High,Malleable,Moderate,0.95,5.695,2,2,215,0.95,5.695,Alkaline earth,Low (Sr-90),Stable,Sr-90: 28.8 years,Paramagnetic,+2.5×10⁻⁵ cm³/mol,Red flame,460.7 nm,Bone-seeking (Sr-90),Carbonates,Unknown
Y,Yttrium,1794,39,88.906,[Kr] 4d¹5s²,Y-89,Solid,1526,2778.8,1799.15,3345,4.472,Silvery-white,High,Ductile,Moderate,1.22,6.217,3,3,190,1.22,6.217,Transition metal,Unknown,Stable,Unknown,Paramagnetic,+2.1×10⁻⁴ cm³/mol,Red lines,410.2 nm,Superconductors,Low solubility,Unknown
Zr,Zirconium,1789,40,91.224,[Kr] 4d²5s²,Zr-90;Zr-94,Solid,1855,3371,2128.15,4409,6.52,Silvery-white,High,Ductile,Low,1.33,6.634,4,4,160,1.33,6.634,Transition metal,Low (Zr-93),Stable,Unknown,Paramagnetic,+1.1×10⁻⁴ cm³/mol,Blue-white,360.1 nm,Nuclear cladding,Corrosion-resistant,"α (hcp), β (bcc)"
Nb,Niobium,1801,41,92.906,[Kr] 4d⁴5s¹,Nb-93,Solid,2477,4490.6,2750.15,4744,8.57,Gray metallic,High,Ductile,Low,1.6,6.759,5,+5;+3,146,1.6,6.759,Transition metal,Low (Nb-92),Stable,Unknown,Paramagnetic,+2.1×10⁻⁴ cm³/mol,Violet,405.9 nm,Superconductors,Low solubility,Unknown
Mo,Molybdenum,1778,42,95.95,[Kr] 4d⁵5s¹,Mo-96;Mo-95,Solid,2623,4753.4,2896.15,4639,10.28,Gray metallic,High,Hard,Low,2.16,7.092,"4,6",+6;+4,139,2.16,7.092,Transition metal,Low (Mo-99),Stable,Mo-99: 66 h,Paramagnetic,+1.2×10⁻⁴ cm³/mol,Green,379.8 nm,"Steel alloy, enzymes",Low solubility,Unknown
Tc,Technetium,1937,43,98,[Kr] 4d⁵5s²,Tc-99;Synthetic,Solid,2157,3914.6,2430.15,4265,11.5,Silvery-gray,High,Ductile,Moderate,1.9,7.28,7,+7;+4,136,1.9,7.28,Transition metal,High,All radioactive,Tc-99: 2.11×10⁵ years,Paramagnetic,+2.6×10⁻⁴ cm³/mol,Blue,429.7 nm,Medical imaging (Tc-99m),Fission product,Unknown
Ru,Ruthenium,1844,44,101.07,[Kr] 4d⁷5s¹,Ru-102;Ru-101,Solid,2334,4233.2,2607.15,4150,12.45,Silvery-white,High,Hard/brittle,Low,2.2,7.361,"3,4,8",+3;+4;+8,134,2.2,7.361,Transition metal,Low (Ru-106),Stable,Ru-106: 1.02 years,Paramagnetic,+1.0×10⁻⁴ cm³/mol,Red,372.8 nm,"Catalyst, jewelry",Low solubility,Unknown
Rh,Rhodium,1803,45,102.906,[Kr] 4d⁸5s¹,Rh-103,Solid,1964,3567.2,2237.15,3695,12.41,Silvery-white,High,Hard,Low,2.28,7.459,3,3,134,2.28,7.459,Transition metal,Unknown,Stable,Unknown,Paramagnetic,+1.1×10⁻⁴ cm³/mol,White reflection,339.7 nm,Catalytic converters,Low solubility,Unknown
Pd,Palladium,1803,46,106.42,[Kr] 4d¹⁰,Pd-106;Pd-108,Solid,1555,2831,1828.15,2963,12.023,Silvery-white,Very high,Malleable,Low,2.2,8.337,"2,4",+2;+4,137,2.2,8.337,Transition metal,Low (Pd-107),Stable,Pd-107: 6.5×10⁶ years,Paramagnetic,+5.2×10⁻⁴ cm³/mol,Green,340.5 nm,"Hydrogen storage, catalysts",Absorbs H₂,Unknown
Ag,Silver,Ancient,47,107.868,[Kr] 4d¹⁰5s¹,Ag-107;Ag-109,Solid,961.78,1763.204,1234.93,2162,10.49,Silvery-white,Highest (metal),Malleable/ductile,Low,1.93,7.576,1,1,153,1.93,7.576,Transition metal,Low (Ag-108m),Stable,Unknown,Diamagnetic,-2.3×10⁻⁵ cm³/mol,Green flame,328.1 nm,"Photography, coins",Tarnishes (Ag₂S),Unknown
Cd,Cadmium,1817,48,112.414,[Kr] 4d¹⁰5s²,Cd-112;Cd-114,Solid,321.07,609.926,594.22,767,8.65,Silvery-blue,High,Soft/malleable,Moderate,1.69,8.994,2,2,151,1.69,8.994,Post-transition metal,Low (Cd-113),Stable,Unknown,Diamagnetic,-2.0×10⁻⁵ cm³/mol,Green,326.1 nm,Toxic; batteries,Bioaccumulates,Unknown
In,Indium,1863,49,114.818,[Kr] 4d¹⁰5s²5p¹,In-115;In-113,Solid,156.6,313.88,429.75,2072,7.31,Silvery-white,High,Soft,Moderate,1.78,5.786,3,3,166,1.78,5.786,Post-transition metal,Low (In-115),In-115: 4.41×10¹⁴ years,Unknown,Diamagnetic,-1.4×10⁻⁵ cm³/mol,Blue,451.1 nm,"Solders, screens",Low solubility,Unknown
Sn,Tin,Ancient,50,118.71,[Kr] 4d¹⁰5s²5p²,Sn-120;Sn-118,Solid,231.93,449.474,505.08,2602,7.265 (white); 5.769 (gray),White (β); gray (α),High (white),Malleable (white),Moderate,1.96,7.344,"2,4",+4;+2,158,1.96,7.344,Post-transition metal,Low (Sn-126),Stable,Unknown,Diamagnetic,-3.2×10⁻⁵ cm³/mol,Blue-white,286.3 nm,"Solders, bronze",Organotins toxic,"White (β), gray (α)"
Sb,Antimony,Ancient,51,121.76,[Kr] 4d¹⁰5s²5p³,Sb-121;Sb-123,Solid,630.63,1167.134,903.78,1587,6.697,Gray metallic,Low,Brittle,Moderate,2.05,8.608,"3,5",+3;+5;-3,145,2.05,8.608,Metalloid,Unknown,Stable,Unknown,Diamagnetic,-9.9×10⁻⁵ cm³/mol,Blue flame,259.8 nm,Flame retardants,Semi-toxic,"Gray, black, yellow"
Te,Tellurium,1782,52,127.6,[Kr] 4d¹⁰5s²5p⁴,Te-130;Te-128,Solid,449.51,841.118,722.66,988,6.24,Silvery-white,Low (semiconductor),Brittle,Moderate,2.1,9.01,"2,4,6",+6;+4;-2,142,2.1,9.01,Metalloid,Unknown,Stable,Unknown,Diamagnetic,-3.9×10⁻⁵ cm³/mol,Violet,214.3 nm,"Solar cells, alloys",Semi-toxic,"Gray, amorphous"
I,Iodine,1811,53,126.904,[Kr] 4d¹⁰5s²5p⁵,I-127,Solid,113.7,236.66,386.85,184.3,4.933,Purple-black crystals,Low,Brittle,High,2.66,10.451,1,-1;+1;+5;+7,133,2.66,10.451,Halogen,Low (I-129),Stable,I-129: 1.57×10⁷ years,Diamagnetic,-4.5×10⁻⁵ cm³/mol,Purple vapor,500–600 nm (broad),Thyroid hormone,Volatile; bioaccumulates,Diatomic (I₂)
Xe,Xenon,1898,54,131.293,[Kr] 4d¹⁰5s²5p⁶,Xe-132;Xe-129,Gas,-111.75,-169.15,161.4,-108.12,0.005844,Colorless gas,Unknown,Unknown,Very low,Unknown,12.13,0,0,108,Unknown,12.13,Noble gas,Low (Xe-135),Stable,Xe-135: 9.1 h,Diamagnetic,-4.3×10⁻⁸ cm³/mol,Blue glow discharge,467.1 nm,Anesthetics,Inert; some compounds,Monatomic
Cs,Cesium,1860,55,132.905,[Xe] 6s¹,Cs-133;Cs-137,Solid,28.44,83.192,301.59,671,1.93,Silvery-golden,High,Soft,High,0.79,3.894,1,1,265,0.79,3.894,Alkali metal,Low (Cs-137),Cs-137: 30.17 years,Unknown,Paramagnetic,+3.4×10⁻⁵ cm³/mol,Violet,852.1 nm,Atomic clocks,Highly soluble; fallout,Unknown
Ba,Barium,1808,56,137.327,[Xe] 6s²,Ba-138;Ba-137,Solid,727,1340.6,1000.15,1870,3.51,Silvery-white,High,Malleable,Moderate,0.89,5.212,2,2,217,0.89,5.212,Alkaline earth,Low (Ba-133),Stable,Unknown,Paramagnetic,+2.0×10⁻⁵ cm³/mol,Green flame,553.6 nm,Bone scans (Ba-133),Soluble salts,Unknown
La,Lanthanum,1839,57,138.905,[Xe] 5d¹6s²,La-139;La-138,Solid,920,1688,1193.15,3464,6.162,Silvery-white,High,Malleable,Moderate,1.1,5.577,3,3,187,1.1,5.577,Lanthanide,Low (La-138),Stable,Unknown,Paramagnetic,+1.2×10⁻⁴ cm³/mol,Blue,394.0 nm,"Alloys, catalysts",Low solubility,Unknown
Ce,Cerium,1803,58,140.116,[Xe] 4f¹5d¹6s²,Ce-140;Ce-142,Solid,799,1470.2,1072.15,3443,6.77,Silvery-white,High,Malleable,Moderate,1.12,5.539,"3,4",+3;+4,181,1.12,5.539,Lanthanide,Low (Ce-144),Stable,Ce-144: 284.9 days,Paramagnetic,+2.5×10⁻⁴ cm³/mol,Red,418.7 nm,Catalytic converters,Low solubility,"α, β, γ"
Pr,Praseodymium,1885,59,140.908,[Xe] 4f³6s²,Pr-141,Solid,931,1707.8,1204.15,3520,6.773,Silvery-yellow,High,Malleable,Moderate,1.13,5.473,3,+3;+4,182,1.13,5.473,Lanthanide,Unknown,Stable,Unknown,Paramagnetic,+3.6×10⁻⁴ cm³/mol,Green,495.1 nm,"Magnets, glass coloring",Low solubility,"α, β"
Nd,Neodymium,1885,60,144.242,[Xe] 4f⁴6s²,Nd-142;Nd-144,Solid,1021,1869.8,1294.15,3074,7.007,Silvery-white,High,Malleable,Moderate,1.14,5.525,3,3,181,1.14,5.525,Lanthanide,Low (Nd-144),Stable,Unknown,Paramagnetic,+4.6×10⁻⁴ cm³/mol,Violet,580.2 nm,"Nd:YAG lasers, magnets",Low solubility,"α, β"
Pm,Promethium,1945,61,145,[Xe] 4f⁵6s²,Pm-145;Pm-147,Solid,1042,1907.6,1315.15,3000,7.26,Silvery,High,Malleable,Moderate,1.13,5.582,3,3,183,1.13,5.582,Lanthanide,High,All radioactive,Pm-147: 2.62 years,Paramagnetic,+4.0×10⁻⁴ cm³/mol,Blue,393.0 nm,Batteries (Pm-147),Fission product,Unknown
Sm,Samarium,1879,62,150.36,[Xe] 4f⁶6s²,Sm-152;Sm-149,Solid,1072,1961.6,1345.15,1794,7.52,Silvery-white,High,Malleable,Moderate,1.17,5.644,"2,3",+2;+3,180,1.17,5.644,Lanthanide,Low (Sm-151),Stable,Unknown,Paramagnetic,+1.1×10⁻³ cm³/mol,Orange,401.6 nm,"Magnets, nuclear control",Low solubility,"α, β, γ"
Eu,Europium,1901,63,151.964,[Xe] 4f⁷6s²,Eu-153;Eu-151,Solid,822,1511.6,1095.15,1529,5.243,Silvery-white,High,Soft,Moderate,1.2,5.67,"2,3",+2;+3,198,1.2,5.67,Lanthanide,Low (Eu-152),Stable,Unknown,Paramagnetic,+3.5×10⁻³ cm³/mol,Red (Eu³⁺),611.0 nm,Phosphors (TVs),Low solubility,Unknown
Gd,Gadolinium,1886,64,157.25,[Xe] 4f⁷5d¹6s²,Gd-158;Gd-160,Solid,1313,2395.4,1586.15,3273,7.9,Silvery-white,High,Malleable,Moderate,1.2,6.15,3,3,179,1.2,6.15,Lanthanide,Unknown,Stable,Unknown,Ferromagnetic (below 20°C),+1.9×10⁻² cm³/mol,Green,368.4 nm,MRI contrast,Low solubility,Unknown
Tb,Terbium,1843,65,158.925,[Xe] 4f⁹6s²,Tb-159,Solid,1356,2472.8,1629.15,3230,8.229,Silvery-white,High,Malleable,Moderate,1.1,5.864,3,+3;+4,177,1.1,5.864,Lanthanide,Unknown,Stable,Unknown,Paramagnetic,+1.5×10⁻² cm³/mol,Green,547.0 nm,"Phosphors, magnets",Low solubility,Unknown
Dy,Dysprosium,1886,66,162.5,[Xe] 4f¹⁰6s²,Dy-164;Dy-162,Solid,1407,2564.6,1680.15,2567,8.551,Silvery-white,High,Malleable,Moderate,1.22,5.939,3,3,176,1.22,5.939,Lanthanide,Unknown,Stable,Unknown,Paramagnetic,+9.9×10⁻³ cm³/mol,Yellow,575.0 nm,High-strength magnets,Low solubility,Unknown
Ho,Holmium,1867,67,164.93,[Xe] 4f¹¹6s²,Ho-165,Solid,1461,2661.8,1734.15,2695,8.795,Silvery-white,High,Malleable,Moderate,1.23,6.022,3,3,176,1.23,6.022,Lanthanide,Unknown,Stable,Unknown,Paramagnetic,+9.0×10⁻³ cm³/mol,Orange,410.4 nm,"Lasers, magnets",Low solubility,Unknown
Er,Erbium,1843,68,167.259,[Xe] 4f¹²6s²,Er-166;Er-167,Solid,1529,2784.2,1802.15,2868,9.066,Silvery-pink,High,Malleable,Moderate,1.24,6.108,3,3,176,1.24,6.108,Lanthanide,Unknown,Stable,Unknown,Paramagnetic,+7.5×10⁻³ cm³/mol,Pink,400.8 nm,"Fiber optics, lasers",Low solubility,Unknown
Tm,Thulium,1879,69,168.934,[Xe] 4f¹³6s²,Tm-169,Solid,1545,2813,1818.15,1950,9.321,Silvery-gray,High,Malleable,Moderate,1.25,6.184,"2,3",+2;+3,176,1.25,6.184,Lanthanide,Unknown,Stable,Unknown,Paramagnetic,+2.5×10⁻² cm³/mol,Blue-green,371.0 nm,X-ray sources,Low solubility,Unknown
Yb,Ytterbium,1878,70,173.045,[Xe] 4f¹⁴6s²,Yb-174;Yb-172,Solid,824,1515.2,1097.15,1196,6.965,Silvery-white,High,Soft,Moderate,1.1,6.254,"2,3",+2;+3,193,1.1,6.254,Lanthanide,Unknown,Stable,Unknown,Paramagnetic,+6.7×10⁻⁵ cm³/mol,Green,369.4 nm,"Lasers, clocks",Low solubility,"α, β"
Lu,Lutetium,1907,71,174.967,[Xe] 4f¹⁴5d¹6s²,Lu-175;Lu-176,Solid,1652,3005.6,1925.15,3402,9.841,Silvery-white,High,Malleable,Moderate,1.27,5.426,3,3,174,1.27,5.426,Lanthanide,Low (Lu-176),Lu-176: 3.76×10¹⁰ years,Unknown,Paramagnetic,+2.0×10⁻⁵ cm³/mol,Blue,451.9 nm,PET scanners,Low solubility,Unknown
Hf,Hafnium,1923,72,178.486,[Xe] 4f¹⁴5d²6s²,Hf-180;Hf-178,Solid,2233,4051.4,2506.15,4603,13.31,Gray steel,High,Ductile,Low,1.3,6.825,4,4,159,1.3,6.825,Transition metal,Low (Hf-182),Stable,Unknown,Paramagnetic,+7.0×10⁻⁵ cm³/mol,Blue,313.1 nm,Nuclear control rods,Low solubility,Unknown
Ta,Tantalum,1802,73,180.948,[Xe] 4f¹⁴5d³6s²,Ta-181,Solid,3017,5462.6,3290.15,5458,16.65,Gray-blue,High,Ductile/hard,Low,1.5,7.55,5,5,146,1.5,7.55,Transition metal,Low (Ta-180m),Stable,Unknown,Paramagnetic,+1.5×10⁻⁴ cm³/mol,Blue,331.1 nm,"Capacitors, implants",Corrosion-resistant,"α, β"
W,Tungsten,1783,74,183.84,[Xe] 4f¹⁴5d⁴6s²,W-184;W-186,Solid,3422,6191.6,3695.15,5555,19.25,Gray steel,High,Very hard/brittle,Low,2.36,7.864,6,6,139,2.36,7.864,Transition metal,Low (W-180),Stable,Unknown,Paramagnetic,+7.0×10⁻⁵ cm³/mol,Blue-white,400.9 nm,"Filaments, alloys",Highest MP,Unknown
Re,Rhenium,1925,75,186.207,[Xe] 4f¹⁴5d⁵6s²,Re-187;Re-185,Solid,3186,5766.8,3459.15,5596,21.02,Silvery-white,High,Hard,Low,1.9,7.834,7,+7;+4,137,1.9,7.834,Transition metal,Low (Re-187),Re-187: 4.12×10¹⁰ years,Unknown,Paramagnetic,+8.0×10⁻⁵ cm³/mol,Blue,346.0 nm,"Catalysts, thermocouples",Low solubility,Unknown
Os,Osmium,1803,76,190.23,[Xe] 4f¹⁴5d⁶6s²,Os-192;Os-190,Solid,3033,5491.4,3306.15,5012,22.59,Blue-gray,High,Very hard/brittle,Low,2.2,8.4,"4,8",+4;+8,135,2.2,8.4,Transition metal,Unknown,Stable,Unknown,Paramagnetic,+1.0×10⁻⁵ cm³/mol,Blue,330.1 nm,"Fountain pens, density std",Densest element,Unknown
Ir,Iridium,1803,77,192.217,[Xe] 4f¹⁴5d⁷6s²,Ir-193;Ir-191,Solid,2446,4434.8,2719.15,4428,22.56,Silvery-white,High,Very hard,Low,2.2,8.967,"3,4",+3;+4,136,2.2,8.967,Transition metal,Unknown,Stable,Unknown,Paramagnetic,+4.0×10⁻⁶ cm³/mol,Blue,322.1 nm,"Spark plugs, crucibles",Corrosion-resistant,Unknown
Pt,Platinum,1735,78,195.084,[Xe] 4f¹⁴5d⁹6s¹,Pt-195;Pt-194,Solid,1768.3,3214.94,2041.45,3825,21.45,Silvery-white,High,Malleable/ductile,Low,2.28,8.959,"2,4",+2;+4,139,2.28,8.959,Transition metal,Unknown,Stable,Unknown,Paramagnetic,+2.0×10⁻⁴ cm³/mol,White,265.9 nm,"Catalysts, jewelry",Low solubility,Unknown
Au,Gold,Ancient,79,196.967,[Xe] 4f¹⁴5d¹⁰6s¹,Au-197,Solid,1064.18,1947.524,1337.33,2856,19.3,Golden yellow,High,Malleable/ductile,Low,2.54,9.226,"1,3",+1;+3,144,2.54,9.226,Transition metal,Unknown,Stable,Unknown,Diamagnetic,-3.4×10⁻⁵ cm³/mol,Green,267.6 nm,"Jewelry, electronics",Thiourea soluble,Unknown
Hg,Mercury,Ancient,80,200.592,[Xe] 4f¹⁴5d¹⁰6s²,Hg-202;Hg-200,Liquid,-38.83,-37.894,234.32,356.73,13.534,Silvery,High (liquid),Unknown,Moderate,2,10.438,"1,2",+1;+2,150,2,10.438,Post-transition metal,Low (Hg-203),Stable,Unknown,Diamagnetic,-3.3×10⁻⁵ cm³/mol,Blue-green,253.7 nm,Toxic; thermometers,Volatile; bioaccumulates,Unknown
Tl,Thallium,1861,81,204.38,[Xe] 4f¹⁴5d¹⁰6s²6p¹,Tl-205;Tl-203,Solid,304,579.2,577.15,1473,11.85,Silvery-white,High (soft),Soft,Moderate,1.62,6.108,"1,3",+1;+3,170,1.62,6.108,Post-transition metal,Low (Tl-204),Stable,Unknown,Paramagnetic,+3.0×10⁻⁵ cm³/mol,Green,377.6 nm,Rat poison (historic),Highly toxic,"α, β"
Pb,Lead,Ancient,82,207.2,[Xe] 4f¹⁴5d¹⁰6s²6p²,Pb-208;Pb-206,Solid,327.46,621.428,600.61,1749,11.34,Bluish-white,High,Soft/malleable,Low,1.87 (Pb²⁺),7.417,"2,4",+2;+4,175,1.87,7.417,Post-transition metal,Low (Pb-210),Stable,Unknown,Diamagnetic,-4.6×10⁻⁵ cm³/mol,Blue,405.8 nm,Toxic; batteries,Leaches in acid,Unknown
Bi,Bismuth,Ancient,83,208.98,[Xe] 4f¹⁴5d¹⁰6s²6p³,Bi-209,Solid,271.4,520.52,544.55,1564,9.78,Pinkish-silver,Low,Brittle,Low,2.02,7.286,"3,5",+3;+5,155,2.02,7.286,Post-transition metal,Low (Bi-210),Stable,Unknown,Diamagnetic,-1.7×10⁻⁴ cm³/mol,Pink,472.2 nm,"Pepto-Bismol, alloys",Low toxicity,Unknown
Po,Polonium,1898,84,209,[Xe] 4f¹⁴5d¹⁰6s²6p⁴,Po-210,Solid,254,489.2,527.15,962,9.196,Silvery,Low,Brittle,High,2,8.414,"2,4",+2;+4,140,2,8.414,Metalloid,High,All radioactive,Po-210: 138.4 days,Paramagnetic,+5.8×10⁻⁵ cm³/mol,Blue glow,Unknown,Heat source (space),Highly radiotoxic,Unknown
At,Astatine,1940,85,210,[Xe] 4f¹⁴5d¹⁰6s²6p⁵,At-210;At-211,Solid,302,576, 575,~337,~7,Black (predicted),Low (semiconductor),Unknown,High,2.2,9.3,1,-1;+1;+5;+7,Unknown,2.2,9.3,Halogen,High,All radioactive,At-210: 8.1 h,Unknown,Unknown,Unknown,Cancer therapy (At-211),Highly radiotoxic,Unknown,Unknown
Rn,Radon,1899,86,222,[Xe] 4f¹⁴5d¹⁰6s²6p⁶,Rn-222,Gas,-71,-95.8,202.15,-61.7,0.00973,Colorless gas,Unknown,Unknown,Very low,Unknown,10.749,0,0,Unknown,Unknown,10.749,Noble gas,High,All radioactive,Rn-222: 3.82 days,Diamagnetic,-4.3×10⁻⁸ cm³/mol,Blue glow,745.0 nm,Lung cancer risk,Decay product,Monatomic
Fr,Francium,1939,87,223,[Rn] 7s¹,Fr-223,Solid, 27,81,300,~677,~2.5,Silvery (predicted),High,Soft,High,0.7,~3.9,1,1,Unknown,0.7,3.9,Alkali metal,High,All radioactive,Fr-223: 22 min,Unknown,Unknown,Unknown,Unknown,Highly radiotoxic,Unknown,Unknown
Ra,Radium,1898,88,226,[Rn] 7s²,Ra-226,Solid,696,1284.8,969.15,1500,5.5,Silvery-white,High,Soft,High,0.9,5.279,2,2,Unknown,0.9,5.279,Alkaline earth,High,All radioactive,Ra-226: 1600 years,Paramagnetic,+1.9×10⁻⁵ cm³/mol,Blue flame,Unknown,Cancer therapy (historic),Highly radiotoxic,Unknown
Ac,Actinium,1899,89,227,[Rn] 6d¹7s²,Ac-227,Solid,1050,1922,1323.15,3200,10.07,Silvery,High,Malleable,High,1.1,5.17,3,3,Unknown,1.1,5.17,Actinide,High,All radioactive,Ac-227: 21.77 years,Paramagnetic,+4.2×10⁻⁵ cm³/mol,Blue,Unknown,Neutron source,Highly radiotoxic,Unknown
Th,Thorium,1828,90,232.038,[Rn] 6d²7s²,Th-232,Solid,1750,3182,2023.15,4788,11.72,Silvery,High,Ductile,Low,1.3,6.307,4,4,179,1.3,6.307,Actinide,High,Th-232: 1.4×10¹⁰ years,Unknown,Paramagnetic,+9.0×10⁻⁵ cm³/mol,Blue,401.9 nm,Nuclear fuel,Fertile material,Unknown
Pa,Protactinium,1913,91,231.036,[Rn] 5f²6d¹7s²,Pa-231,Solid,1572,2861.6,1845.15,4027,15.37,Silvery,High,Brittle,Moderate,1.5,5.89,5,+5;+4,163,1.5,5.89,Actinide,High,Pa-231: 3.28×10⁴ years,Unknown,Paramagnetic,+5.5×10⁻⁵ cm³/mol,Blue,Unknown,Neutron source,Highly radiotoxic,Unknown
U,Uranium,1789,92,238.029,[Rn] 5f³6d¹7s²,U-238;U-235,Solid,1132,2069.6,1405.15,4131,19.05,Silvery-gray,High,Hard,Low,1.38,6.194,"3,4,6",+6;+4;+3,156,1.38,6.194,Actinide,High,U-238: 4.47×10⁹ years,Unknown,Paramagnetic,+4.0×10⁻⁴ cm³/mol,Green,591.5 nm,Nuclear fuel/weapons,Depleted U ammo,"α, β, γ"
Np,Neptunium,1940,93,237,[Rn] 5f⁴6d¹7s²,Np-237,Solid,644,1191.2,917.15,3902,20.45,Silvery,High,Brittle,High,1.36,6.266,"3,4,5,6,7",+5;+4,155,1.36,6.266,Actinide,High,All radioactive,Np-237: 2.14×10⁶ years,Paramagnetic,+4.0×10⁻⁴ cm³/mol,Green,Unknown,Nuclear reactors,Highly radiotoxic,"α, β"
Pu,Plutonium,1940,94,244,[Rn] 5f⁶7s²,Pu-239;Pu-244,Solid,639.4,1182.92,912.55,3228,19.84,Silvery,High,Brittle,High,1.28,6.026,"3,4,5,6",+4;+3,159,1.28,6.026,Actinide,High,All radioactive,Pu-239: 2.41×10⁴ years,Paramagnetic,+5.5×10⁻⁴ cm³/mol,Red,Unknown,Nuclear weapons/fuel,Critical mass risk,"α, β, γ, δ, ε, ζ"
Am,Americium,1944,95,243,[Rn] 5f⁷7s²,Am-243;Am-241,Solid,1176,2148.8,1449.15,2607,13.67,Silvery-white,High,Brittle,High,1.3,5.993,3,3,173,1.3,5.993,Actinide,High,All radioactive,Am-241: 432.6 years,Paramagnetic,+6.0×10⁻⁴ cm³/mol,Blue,Unknown,Smoke detectors,Highly radiotoxic,"α, β"
Cm,Curium,1944,96,247,[Rn] 5f⁷6d¹7s²,Cm-247;Cm-244,Solid,1345,2453,1618.15,3110,13.51,Silvery,High,Brittle,High,1.3,6.021,3,3,174,1.3,6.021,Actinide,High,All radioactive,Cm-244: 18.1 years,Paramagnetic,+7.0×10⁻⁴ cm³/mol,Pink,Unknown,Space power (Cm-244),Highly radiotoxic,Unknown
Bk,Berkelium,1949,97,247,[Rn] 5f⁹7s²,Bk-247,Solid,1050,1922,1323.15,2627,14.78,Silvery,High,Brittle,High,1.3,6.198,"3,4",+3;+4,170,1.3,6.198,Actinide,High,All radioactive,Bk-247: 1380 years,Paramagnetic,+5.5×10⁻⁴ cm³/mol,Green,Unknown,Research target,Highly radiotoxic,Unknown
Cf,Californium,1950,98,251,[Rn] 5f¹⁰7s²,Cf-252;Cf-251,Solid,900,1652,1173.15,1470,15.1,Silvery,High,Brittle,High,1.3,6.282,3,3,186,1.3,6.282,Actinide,High,All radioactive,Cf-252: 2.64 years,Paramagnetic,+5.0×10⁻⁴ cm³/mol,Green,Unknown,Neutron source,Highly radiotoxic,Unknown
Es,Einsteinium,1952,99,252,[Rn] 5f¹¹7s²,Es-252,Solid,860,1580,1133.15,~996,8.84,Silvery,High,Brittle,High,1.3,6.42,3,3,Unknown,1.3,6.42,Actinide,High,All radioactive,Es-252: 471.7 days,Paramagnetic,Unknown,Unknown,Research only,Highly radiotoxic,Unknown,Unknown
Fm,Fermium,1952,100,257,[Rn] 5f¹²7s²,Fm-257,Solid,1527,2780.6,1800.15,~1527,~9.7,Silvery-white/metallic,High,Unknown,High,1.3,6.5,3,3,Unknown,1.3,6.5,Actinide,High,All radioactive,Fm-257: 100.5 days,Unknown,Unknown,Unknown,Research only,Highly radiotoxic,Unknown,Unknown
Md,Mendelevium,1955,101,258,[Rn] 5f¹³7s²,Md-258,Solid,827,1521,1100,~1527,~10.3,Silvery/metallic,High,Unknown,High,1.3,6.58,3,3,Unknown,1.3,6.58,Actinide,High,All radioactive,Md-258: 51.5 days,Unknown,Unknown,Unknown,Research only,Highly radiotoxic,Unknown,Unknown
No,Nobelium,1957,102,259,[Rn] 5f¹⁴7s²,No-259,Solid,827,1521,1100,~1527,~9.94,Silvery/metallic,High,Unknown,High,1.3,6.65,"2,3",+2;+3,Unknown,1.3,6.65,Actinide,High,All radioactive,No-259: 58 min,Unknown,Unknown,Unknown,Research only,Highly radiotoxic,Unknown,Unknown
Lr,Lawrencium,1961,103,266,[Rn] 5f¹⁴6d¹7s²,Lr-266,Solid,1627,2961,1900,~2400,~14.4,Silvery/metallic,High,Unknown,High,1.3,4.9,3,3,Unknown,1.3,4.9,Actinide,High,All radioactive,Lr-266: 11 h,Unknown,Unknown,Unknown,Research only,Highly radiotoxic,Unknown,Unknown
Rf,Rutherfordium,1969,104,267,[Rn] 5f¹⁴6d²7s²,Rf-267,Solid,~2100,~3812,~2373,~5500,~23,Silvery/metallic,High,Unknown,Moderate,Unknown,Unknown,4,4,Unknown,Unknown,Unknown,Transition metal,High,All radioactive,Rf-267: 1.3 h,Unknown,Unknown,Unknown,Research only,Highly radiotoxic,Unknown,Unknown
Db,Dubnium,1967,105,268,[Rn] 5f¹⁴6d³7s²,Db-268,Solid,~2700,~4892,~2973,~2700,~22,Metallic/silvery white,High,Unknown,Moderate,Unknown,Unknown,5,5,Unknown,Unknown,Unknown,Transition metal,High,All radioactive,Db-268: 28 h,Unknown,Unknown,Unknown,Research only,Highly radiotoxic,Unknown,Unknown
Sg,Seaborgium,1974,106,269,[Rn] 5f¹⁴6d⁴7s²,Sg-269,Solid,~2650,~4802,~2923,~2800,~35,Metallic/silvery,High,Unknown,Moderate,Unknown,Unknown,6,6,Unknown,Unknown,Unknown,Transition metal,High,All radioactive,Sg-269: 14 min,Unknown,Unknown,Unknown,Research only,Highly radiotoxic,Unknown,Unknown
Bh,Bohrium,1981,107,270,[Rn] 5f¹⁴6d⁵7s²,Bh-270,Solid,~2720,~4928,~2993,~2900,~37,Metallic/silvery,High,Unknown,Moderate,Unknown,Unknown,7,7,Unknown,Unknown,Unknown,Transition metal,High,All radioactive,Bh-270: 61 s,Unknown,Unknown,Unknown,Research only,Highly radiotoxic,Unknown,Unknown
Hs,Hassium,1984,108,269,[Rn] 5f¹⁴6d⁶7s²,Hs-269,Solid,~2700,~4892,~2973,~2700,~41,Metallic/silvery,High,Unknown,Moderate,Unknown,Unknown,8,8,Unknown,Unknown,Unknown,Transition metal,High,All radioactive,Hs-269: 9.7 s,Unknown,Unknown,Unknown,Research only,Highly radiotoxic,Unknown,Unknown
Mt,Meitnerium,1982,109,278,[Rn] 5f¹⁴6d⁷7s²,Mt-278,Solid,~1100,~2012,~1373,~2500,~37,Metallic/silvery,High,Unknown,Moderate,Unknown,Unknown,Unknown,Unknown,Unknown,Unknown,Unknown,Transition metal,High,All radioactive,Mt-278: 7.6 s,Unknown,Unknown,Unknown,Research only,Highly radiotoxic,Unknown,Unknown
Ds,Darmstadtium,1994,110,281,[Rn] 5f¹⁴6d⁸7s²,Ds-281,Solid,~1500,~2732,~1773,~2600,~35,Metallic/silvery,High,Unknown,Moderate,Unknown,Unknown,Unknown,Unknown,Unknown,Unknown,Unknown,Transition metal,High,All radioactive,Ds-281: 11 s,Unknown,Unknown,Unknown,Research only,Highly radiotoxic,Unknown,Unknown
Rg,Roentgenium,1994,111,282,[Rn] 5f¹⁴6d¹⁰7s¹,Rg-282,Solid,~2100,~3812,~2373,~3100,~28,Metallic/silvery,High,Unknown,Moderate,Unknown,Unknown,Unknown,Unknown,Unknown,Unknown,Unknown,Transition metal,High,All radioactive,Rg-282: 100 s,Unknown,Unknown,Unknown,Research only,Highly radiotoxic,Unknown,Unknown
Cn,Copernicium,1996,112,285,[Rn] 5f¹⁴6d¹⁰7s²,Cn-285,Solid (predicted),~320,~608,~593,~1400,~14,"Metallic/silvery, volatile",High,Unknown,Low,Unknown,Unknown,Unknown,Unknown,Unknown,Unknown,Unknown,Post-transition metal,High,All radioactive,Cn-285: 29 s,Unknown,Unknown,Unknown,Research only,Highly radiotoxic,Unknown,Unknown
Nh,Nihonium,2004,113,286,[Rn] 5f¹⁴6d¹⁰7s²7p¹,Nh-286,Solid (predicted),~430,~806,~703,~1430,~16,Metallic/silvery,Moderate,Unknown,Unknown,Unknown,Unknown,Unknown,Unknown,Unknown,Unknown,Unknown,Post-transition metal,High,All radioactive,Nh-286: 9.5 s,Unknown,Unknown,Unknown,Research only,Highly radiotoxic,Unknown,Unknown
Fl,Flerovium,1998,114,289,[Rn] 5f¹⁴6d¹⁰7s²7p²,Fl-289,Solid (predicted),~70,~158,~343,~210,~14,"Metallic/silvery, volatile",Moderate/Low,Unknown,Unknown,Unknown,Unknown,Unknown,Unknown,Unknown,Unknown,Unknown,Post-transition metal,High,All radioactive,Fl-289: 2.1 s,Unknown,Unknown,Unknown,Research only,Highly radiotoxic,Unknown,Unknown
Mc,Moscovium,2010,115,290,[Rn] 5f¹⁴6d¹⁰7s²7p³,Mc-290,Solid (predicted),~400,~752,~673,~1100,~14,Metallic/silvery,Moderate,Unknown,Unknown,Unknown,Unknown,Unknown,Unknown,Unknown,Unknown,Unknown,Post-transition metal,High,All radioactive,Mc-290: 0.65 s,Unknown,Unknown,Unknown,Research only,Highly radiotoxic,Unknown,Unknown
Lv,Livermorium,2000,116,293,[Rn] 5f¹⁴6d¹⁰7s²7p⁴,Lv-293,Solid (predicted),~700,~1292,~973,~1100,~13,Metallic/silvery,Moderate,Unknown,Unknown,Unknown,Unknown,Unknown,Unknown,Unknown,Unknown,Unknown,Post-transition metal,High,All radioactive,Lv-293: 57 ms,Unknown,Unknown,Unknown,Research only,Highly radiotoxic,Unknown,Unknown
Ts,Tennessine,2010,117,294,[Rn] 5f¹⁴6d¹⁰7s²7p⁵,Ts-294,Solid (predicted),~350,~662,~623,~883,~7,Metallic/silvery,Moderate,Unknown,Unknown,Unknown,Unknown,Unknown,Unknown,Unknown,Unknown,Unknown,Halogen (predicted),High,All radioactive,Ts-294: 51 ms,Unknown,Unknown,Unknown,Research only,Highly radiotoxic,Unknown,Unknown
Og,Oganesson,2002,118,294,[Rn] 5f¹⁴6d¹⁰7s²7p⁶,Og-294,Gas (predicted),~52,~125,~325,~177,~6.6,"Likely colorless, solid",None/Low,Unknown,Unknown,Unknown,Unknown,Unknown,Unknown,Unknown,Unknown,Unknown,Noble gas (predicted),High,All radioactive,Og-294: 0.69 ms,Unknown,Unknown,Unknown,Research only,Highly radiotoxic,Monatomic,Unknown
